[
  {
    "id": "launch-notes",
    "title": "Welcome to Anything World",
    "excerpt": "We’re building living story spaces where audiences and creators explore together.",
    "date": "2025-01-08",
    "type": "announcements"
  },
  {
    "id": "creator-ecosystem",
    "title": "Designing a Creator Ecosystem",
    "excerpt": "Principles for a healthier economy for creators across worlds, formats, and fandoms.",
    "date": "2025-02-12",
    "type": "research"
  },
  {
    "id": "streaming-future",
    "title": "Rethinking Streaming: Worlds not Titles",
    "excerpt": "From feeds to frontiers—why the future of entertainment is navigated, not watched.",
    "date": "2025-02-26",
    "type": "blog"
  },
  {
    "id": "universe-teaser",
    "title": "Teasing the AN Universe",
    "excerpt": "A quiet signal from a distant quadrant. More soon.",
    "date": "2025-03-15",
    "type": "announcements"
  },
  {
    "id": "tools-we-love",
    "title": "The Tools We Love Right Now",
    "excerpt": "A moving list of frameworks and workflows that keep us fast, flexible, and fun.",
    "date": "2025-03-21",
    "type": "blog"
  },
  {
    "id": "worldbuilding-notes",
    "title": "Worldbuilding Notes: Systems over Scenes",
    "excerpt": "When you model rules and relationships, the stories tell themselves.",
    "date": "2025-04-02",
    "type": "research"
  }
]